n,mean_gpa,sd_gpa,median_gpa,iqr_gpa,min_gpa,max_gpa
55,3.6000727272727273,0.33561827161587054,3.65,0.42500000000000027,2.9,4.67
